Workbook
Name inputs_export_length: [1]TSA_inputs!$C$11
Name inputs_export_length: [1]TSA_inputs!$C$11
Name inputs_export_length: [1]TSA_inputs!$C$11
Name inputs_export_length: [1]TSA_inputs!$C$11
Name inputs_export_length: [1]TSA_inputs!$C$11
Name inputs_export_length: [2]TSA_inputs!$C$11
Name inputs_infant: [1]SA_inputs!$C$10
Name inputs_infant: [1]SA_inputs!$C$10
Name inputs_infant: [1]SA_inputs!$C$10
Name inputs_infant: [1]SA_inputs!$C$10
Name inputs_infant: [1]SA_inputs!$C$10
Name inputs_infant: [2]SA_inputs!$C$10
Name inputs_wearout: [1]SA_inputs!$C$11
Name inputs_wearout: [1]SA_inputs!$C$11
Name inputs_wearout: [1]SA_inputs!$C$11
Name inputs_wearout: [1]SA_inputs!$C$11
Name inputs_wearout: [1]SA_inputs!$C$11
Name inputs_wearout: [2]SA_inputs!$C$11
Name pv_islands: [1]Gen_PV!$C$2
Name pv_islands: [1]Gen_PV!$C$2
Name pv_islands: [1]Gen_PV!$C$2
Name pv_islands: [1]Gen_PV!$C$2
Name pv_islands: [1]Gen_PV!$C$2
Name pv_islands: [2]Gen_PV!$C$2
Name wec_devices: [1]Gen_WEC!$C$2
Name wec_devices: [1]Gen_WEC!$C$2
Name wec_devices: [1]Gen_WEC!$C$2
Name wec_devices: [1]Gen_WEC!$C$2
Name wec_devices: [1]Gen_WEC!$C$2
Name wec_devices: [2]Gen_WEC!$C$2
Name wtg_devices: [1]Gen_WTG!$C$2
Name wtg_devices: [1]Gen_WTG!$C$2
Name wtg_devices: [1]Gen_WTG!$C$2
Name wtg_devices: [1]Gen_WTG!$C$2
Name wtg_devices: [1]Gen_WTG!$C$2
Name wtg_devices: [2]Gen_WTG!$C$2
Name wtg_moorings: [1]Gen_WTG!$C$8
Name wtg_moorings: [1]Gen_WTG!$C$8
Name wtg_moorings: [1]Gen_WTG!$C$8
Name wtg_moorings: [1]Gen_WTG!$C$8
Name wtg_moorings: [1]Gen_WTG!$C$8
Name wtg_moorings: [2]Gen_WTG!$C$8

Sheet InspectionSite
A1: id | B1: id_short | C1: name | D1: overnight_stay | E1: periodicity | F1: preferred_months | G1: wtg_intervened | H1: wec_intervened | I1: pv_intervened | J1: dur_per_device | K1: device_shutdown | L1: hs | M1: tp | N1: ws | O1: ws_hub | P1: cs | Q1: vessel1 | R1: vessel1_id | S1: vessel2 | T1: vessel2_id | U1: rov_drone | V1: technicians_per_device | W1: technician_cost | X1: parts_cost | Y1: other_costs | Z1: level | AA1: to_group_with | AB1: to_be_grouped
A2: - | B2: - | C2: - | D2: - | E2: every X years | F2: - | G2: - | H2: - | I2: - | J2: h | K2: - | L2: m | M2: s | N2: m/s | O2: m/s | P2: m/s | Q2: - | R2: - | S2: - | T2: - | U2: - | V2: - | W2: €/technician/day | X2: € | Y2: € | Z2: - | AA2: - | AB2: -
A3: =IF(ISBLANK($B3)=FALSE,IF(AND($G3>0,$H3<=0,$I3<=0),_xlfn.CONCAT("ofw_",$B3),IF(AND($G3<=0,$H3>0,$I3<=0),_xlfn.CONCAT("owc_",$B3),IF(AND($G3<=0,$H3<=0,$I3>0),_xlfn.CONCAT("opv_",$B3),_xlfn.CONCAT("oce_",$B3)))),"") -> owc_CPO_A1 | B3: CPO_A1 | C3: WEC visual inspection | D3: FALSE | E3: 0.5 | F3: 04, 05, 10, 11 | G3: 0 | H3: =0.8*wec_devices -> 80 | I3: 0 | J3: 6 | K3: TRUE | L3: 1.5 | Q3: V101 - CTV | R3: =IFERROR(IF(ISBLANK(Q3),"",INDEX([1]Gen_Vessels!$A$3:$C$500,MATCH(InspectionSite!$Q3,[1]Gen_Vessels!$C$3:$C$500,0),1)),"") -> V101 | T3: =IFERROR(IF(ISBLANK(S3),"",INDEX([1]Gen_Vessels!$A$3:$C$500,MATCH(InspectionSite!$S3,[1]Gen_Vessels!$C$3:$C$500,0),1)),"") | V3: 2 | W3: 300 | X3: =1830*H3 -> 146400 | Z3: device | AB3: FALSE
A4: =IF(ISBLANK($B4)=FALSE,IF(AND($G4>0,$H4<=0,$I4<=0),_xlfn.CONCAT("ofw_",$B4),IF(AND($G4<=0,$H4>0,$I4<=0),_xlfn.CONCAT("owc_",$B4),IF(AND($G4<=0,$H4<=0,$I4>0),_xlfn.CONCAT("opv_",$B4),_xlfn.CONCAT("oce_",$B4)))),"") -> owc_CPO_A2 | B4: CPO_A2 | C4: WEC visual inspection and filter replacement | D4: FALSE | E4: 1 | F4: 06, 07, 08, 09 | G4: 0 | H4: =0.8*wec_devices -> 80 | I4: 0 | J4: 6 | K4: TRUE | L4: 1.5 | Q4: V101 - CTV | R4: =IFERROR(IF(ISBLANK(Q4),"",INDEX([1]Gen_Vessels!$A$3:$C$500,MATCH(InspectionSite!$Q4,[1]Gen_Vessels!$C$3:$C$500,0),1)),"") -> V101 | T4: =IFERROR(IF(ISBLANK(S4),"",INDEX([1]Gen_Vessels!$A$3:$C$500,MATCH(InspectionSite!$S4,[1]Gen_Vessels!$C$3:$C$500,0),1)),"") | V4: 2 | W4: 300 | X4: =5175*H4 -> 414000 | Z4: device | AA4: ofw_SuAB_2 | AB4: TRUE
A5: =IF(ISBLANK($B5)=FALSE,IF(AND($G5>0,$H5<=0,$I5<=0),_xlfn.CONCAT("ofw_",$B5),IF(AND($G5<=0,$H5>0,$I5<=0),_xlfn.CONCAT("owc_",$B5),IF(AND($G5<=0,$H5<=0,$I5>0),_xlfn.CONCAT("opv_",$B5),_xlfn.CONCAT("oce_",$B5)))),"") -> ofw_SuAB_1 | B5: SuAB_1 | C5: Visual inspection - blades | D5: FALSE | E5: 1 | F5: 04, 05, 06, 07, 08, 09 | G5: 3 | H5: 0 | I5: 0 | J5: 2.4 | K5: TRUE | L5: 3 | O5: 10 | Q5: V005 - CTV | R5: =IFERROR(IF(ISBLANK(Q5),"",INDEX([1]Gen_Vessels!$A$3:$C$500,MATCH(InspectionSite!$Q5,[1]Gen_Vessels!$C$3:$C$500,0),1)),"") -> V005 | T5: =IFERROR(IF(ISBLANK(S5),"",INDEX([1]Gen_Vessels!$A$3:$C$500,MATCH(InspectionSite!$S5,[1]Gen_Vessels!$C$3:$C$500,0),1)),"") | U5: stork_1 | V5: 3 | W5: 300 | Z5: device | AB5: TRUE
A6: =IF(ISBLANK($B6)=FALSE,IF(AND($G6>0,$H6<=0,$I6<=0),_xlfn.CONCAT("ofw_",$B6),IF(AND($G6<=0,$H6>0,$I6<=0),_xlfn.CONCAT("owc_",$B6),IF(AND($G6<=0,$H6<=0,$I6>0),_xlfn.CONCAT("opv_",$B6),_xlfn.CONCAT("oce_",$B6)))),"") -> ofw_SuAB_2 | B6: SuAB_2 | C6: Drive train inspection | D6: FALSE | E6: 1 | F6: 04, 05, 06, 07, 08, 09 | G6: 3 | H6: 0 | I6: 0 | J6: 4 | K6: TRUE | L6: 2 | Q6: V101 - CTV | R6: =IFERROR(IF(ISBLANK(Q6),"",INDEX([1]Gen_Vessels!$A$3:$C$500,MATCH(InspectionSite!$Q6,[1]Gen_Vessels!$C$3:$C$500,0),1)),"") -> V101 | T6: =IFERROR(IF(ISBLANK(S6),"",INDEX([1]Gen_Vessels!$A$3:$C$500,MATCH(InspectionSite!$S6,[1]Gen_Vessels!$C$3:$C$500,0),1)),"") | V6: 3 | W6: 200 | Z6: device | AB6: FALSE
A7: =IF(ISBLANK($B7)=FALSE,IF(AND($G7>0,$H7<=0,$I7<=0),_xlfn.CONCAT("ofw_",$B7),IF(AND($G7<=0,$H7>0,$I7<=0),_xlfn.CONCAT("owc_",$B7),IF(AND($G7<=0,$H7<=0,$I7>0),_xlfn.CONCAT("opv_",$B7),_xlfn.CONCAT("oce_",$B7)))),"") -> ofw_SuAB_3 | B7: SuAB_3 | C7: Inspection of control system and electrical | D7: FALSE | E7: 1 | F7: 04, 05, 06, 07, 08, 09 | G7: 3 | H7: 0 | I7: 0 | J7: 3 | K7: TRUE | L7: 2 | Q7: V005 - CTV | R7: =IFERROR(IF(ISBLANK(Q7),"",INDEX([1]Gen_Vessels!$A$3:$C$500,MATCH(InspectionSite!$Q7,[1]Gen_Vessels!$C$3:$C$500,0),1)),"") -> V005 | T7: =IFERROR(IF(ISBLANK(S7),"",INDEX([1]Gen_Vessels!$A$3:$C$500,MATCH(InspectionSite!$S7,[1]Gen_Vessels!$C$3:$C$500,0),1)),"") | V7: 3 | W7: 200 | Z7: device | AB7: FALSE
A8: =IF(ISBLANK($B8)=FALSE,IF(AND($G8>0,$H8<=0,$I8<=0),_xlfn.CONCAT("ofw_",$B8),IF(AND($G8<=0,$H8>0,$I8<=0),_xlfn.CONCAT("owc_",$B8),IF(AND($G8<=0,$H8<=0,$I8>0),_xlfn.CONCAT("opv_",$B8),_xlfn.CONCAT("oce_",$B8)))),"") -> ofw_SuAB_4 | B8: SuAB_4 | C8: Inspection of hydraulic and pneumatic systems | D8: FALSE | E8: 1 | F8: 04, 05, 06, 07, 08, 09 | G8: 3 | H8: 0 | I8: 0 | J8: 3 | K8: TRUE | L8: 2 | Q8: V005 - CTV | R8: =IFERROR(IF(ISBLANK(Q8),"",INDEX([1]Gen_Vessels!$A$3:$C$500,MATCH(InspectionSite!$Q8,[1]Gen_Vessels!$C$3:$C$500,0),1)),"") -> V005 | T8: =IFERROR(IF(ISBLANK(S8),"",INDEX([1]Gen_Vessels!$A$3:$C$500,MATCH(InspectionSite!$S8,[1]Gen_Vessels!$C$3:$C$500,0),1)),"") | V8: 3 | W8: 200 | Z8: device | AB8: FALSE
A9: =IF(ISBLANK($B9)=FALSE,IF(AND($G9>0,$H9<=0,$I9<=0),_xlfn.CONCAT("ofw_",$B9),IF(AND($G9<=0,$H9>0,$I9<=0),_xlfn.CONCAT("owc_",$B9),IF(AND($G9<=0,$H9<=0,$I9>0),_xlfn.CONCAT("opv_",$B9),_xlfn.CONCAT("oce_",$B9)))),"") -> ofw_SuAB_5 | B9: SuAB_5 | C9: Visual inspection to tower | D9: FALSE | E9: 1 | F9: 04, 05, 06, 07, 08, 09 | G9: 3 | H9: 0 | I9: 0 | J9: 1.5 | K9: TRUE | L9: 2 | O9: 10 | Q9: V005 - CTV | R9: =IFERROR(IF(ISBLANK(Q9),"",INDEX([1]Gen_Vessels!$A$3:$C$500,MATCH(InspectionSite!$Q9,[1]Gen_Vessels!$C$3:$C$500,0),1)),"") -> V005 | T9: =IFERROR(IF(ISBLANK(S9),"",INDEX([1]Gen_Vessels!$A$3:$C$500,MATCH(InspectionSite!$S9,[1]Gen_Vessels!$C$3:$C$500,0),1)),"") | V9: 2 | W9: 300 | Z9: device | AB9: FALSE
A10: =IF(ISBLANK($B10)=FALSE,IF(AND($G10>0,$H10<=0,$I10<=0),_xlfn.CONCAT("ofw_",$B10),IF(AND($G10<=0,$H10>0,$I10<=0),_xlfn.CONCAT("owc_",$B10),IF(AND($G10<=0,$H10<=0,$I10>0),_xlfn.CONCAT("opv_",$B10),_xlfn.CONCAT("oce_",$B10)))),"") -> ofw_SuAB_6 | B10: SuAB_6 | C10: Inspection of mooring system (3 mooring lines) | D10: FALSE | E10: 1 | F10: 04, 05, 06, 07, 08, 09 | G10: 3 | H10: 0 | I10: 0 | J10: 6.15 | K10: FALSE | L10: 2 | P10: 1.5 | Q10: V004 - DSV | R10: =IFERROR(IF(ISBLANK(Q10),"",INDEX([1]Gen_Vessels!$A$3:$C$500,MATCH(InspectionSite!$Q10,[1]Gen_Vessels!$C$3:$C$500,0),1)),"") -> V004 | T10: =IFERROR(IF(ISBLANK(S10),"",INDEX([1]Gen_Vessels!$A$3:$C$500,MATCH(InspectionSite!$S10,[1]Gen_Vessels!$C$3:$C$500,0),1)),"") | V10: 6 | W10: 600 | Z10: device | AB10: FALSE
A11: =IF(ISBLANK($B11)=FALSE,IF(AND($G11>0,$H11<=0,$I11<=0),_xlfn.CONCAT("ofw_",$B11),IF(AND($G11<=0,$H11>0,$I11<=0),_xlfn.CONCAT("owc_",$B11),IF(AND($G11<=0,$H11<=0,$I11>0),_xlfn.CONCAT("opv_",$B11),_xlfn.CONCAT("oce_",$B11)))),"") -> oce_SuAB_cable_1 | B11: SuAB_cable_1 | C11: Inspection of WTG dynamic power cables | D11: FALSE | E11: 2 | F11: 04, 05, 06, 07, 08, 09 | G11: 3 | H11: =0.7*wec_devices -> 70 | I11: 4 | J11: 2 | K11: FALSE | L11: 2 | P11: 1.5 | Q11: V004 - DSV | R11: =IFERROR(IF(ISBLANK(Q11),"",INDEX([1]Gen_Vessels!$A$3:$C$500,MATCH(InspectionSite!$Q11,[1]Gen_Vessels!$C$3:$C$500,0),1)),"") -> V004 | T11: =IFERROR(IF(ISBLANK(S11),"",INDEX([1]Gen_Vessels!$A$3:$C$500,MATCH(InspectionSite!$S11,[1]Gen_Vessels!$C$3:$C$500,0),1)),"") | V11: 6 | W11: 600 | Z11: device | AB11: FALSE
A12: =IF(ISBLANK($B12)=FALSE,IF(AND($G12>0,$H12<=0,$I12<=0),_xlfn.CONCAT("ofw_",$B12),IF(AND($G12<=0,$H12>0,$I12<=0),_xlfn.CONCAT("owc_",$B12),IF(AND($G12<=0,$H12<=0,$I12>0),_xlfn.CONCAT("opv_",$B12),_xlfn.CONCAT("oce_",$B12)))),"") -> oce_SuAB_cable_2 | B12: SuAB_cable_2 | C12: Inspection of export power cables | D12: FALSE | E12: 2 | F12: 04, 05, 06, 07, 08, 09 | G12: 1 | H12: 1 | I12: 1 | J12: 24 | K12: FALSE | L12: 2 | P12: 1.5 | Q12: V004 - DSV | R12: =IFERROR(IF(ISBLANK(Q12),"",INDEX([1]Gen_Vessels!$A$3:$C$500,MATCH(InspectionSite!$Q12,[1]Gen_Vessels!$C$3:$C$500,0),1)),"") -> V004 | T12: =IFERROR(IF(ISBLANK(S12),"",INDEX([1]Gen_Vessels!$A$3:$C$500,MATCH(InspectionSite!$S12,[1]Gen_Vessels!$C$3:$C$500,0),1)),"") | U12: EVA_ROV_2 | V12: 6 | W12: 600 | Z12: exp_cable | AB12: FALSE
A13: =IF(ISBLANK($B13)=FALSE,IF(AND($G13>0,$H13<=0,$I13<=0),_xlfn.CONCAT("ofw_",$B13),IF(AND($G13<=0,$H13>0,$I13<=0),_xlfn.CONCAT("owc_",$B13),IF(AND($G13<=0,$H13<=0,$I13>0),_xlfn.CONCAT("opv_",$B13),_xlfn.CONCAT("oce_",$B13)))),"") -> oce_OP001 | B13: OP001 | C13: General inspection | D13: TRUE | E13: 1 | F13: 06, 07, 08, 09 | G13: 3 | H13: 10 | I13: 10 | J13: 3 | K13: TRUE | L13: 2 | M13: 15 | N13: 20 | Q13: V101 - CTV | R13: =IFERROR(IF(ISBLANK(Q13),"",INDEX([1]Gen_Vessels!$A$3:$C$500,MATCH(InspectionSite!$Q13,[1]Gen_Vessels!$C$3:$C$500,0),1)),"") -> V101 | T13: =IFERROR(IF(ISBLANK(S13),"",INDEX([1]Gen_Vessels!$A$3:$C$500,MATCH(InspectionSite!$S13,[1]Gen_Vessels!$C$3:$C$500,0),1)),"") | V13: 3 | W13: 200 | Y13: 10000 | Z13: device | AB13: FALSE
A14: =IF(ISBLANK($B14)=FALSE,IF(AND($G14>0,$H14<=0,$I14<=0),_xlfn.CONCAT("ofw_",$B14),IF(AND($G14<=0,$H14>0,$I14<=0),_xlfn.CONCAT("owc_",$B14),IF(AND($G14<=0,$H14<=0,$I14>0),_xlfn.CONCAT("opv_",$B14),_xlfn.CONCAT("oce_",$B14)))),"") -> oce_OP002 | B14: OP002 | C14: Underwater inspection | D14: TRUE | E14: 2 | G14: 3 | H14: 10 | I14: 10 | J14: 1.5 | K14: FALSE | L14: 2.5 | M14: 15 | Q14: V004 - DSV | R14: =IFERROR(IF(ISBLANK(Q14),"",INDEX([1]Gen_Vessels!$A$3:$C$500,MATCH(InspectionSite!$Q14,[1]Gen_Vessels!$C$3:$C$500,0),1)),"") -> V004 | T14: =IFERROR(IF(ISBLANK(S14),"",INDEX([1]Gen_Vessels!$A$3:$C$500,MATCH(InspectionSite!$S14,[1]Gen_Vessels!$C$3:$C$500,0),1)),"") | U14: EVA_ROV_2 | V14: 6 | W14: 600 | Y14: 10000 | Z14: device | AB14: FALSE
A15: =IF(ISBLANK($B15)=FALSE,IF(AND($G15>0,$H15<=0,$I15<=0),_xlfn.CONCAT("ofw_",$B15),IF(AND($G15<=0,$H15>0,$I15<=0),_xlfn.CONCAT("owc_",$B15),IF(AND($G15<=0,$H15<=0,$I15>0),_xlfn.CONCAT("opv_",$B15),_xlfn.CONCAT("oce_",$B15)))),"") -> oce_OP003 | B15: OP003 | C15: General inspection with drone | D15: FALSE | E15: 1 | F15: 06, 07, 08, 09 | G15: 3 | H15: 10 | I15: =pv_islands -> 4 | J15: 2 | K15: TRUE | L15: 3 | N15: 10 | Q15: V101 - CTV | R15: =IFERROR(IF(ISBLANK(Q15),"",INDEX([1]Gen_Vessels!$A$3:$C$500,MATCH(InspectionSite!$Q15,[1]Gen_Vessels!$C$3:$C$500,0),1)),"") -> V101 | T15: =IFERROR(IF(ISBLANK(S15),"",INDEX([1]Gen_Vessels!$A$3:$C$500,MATCH(InspectionSite!$S15,[1]Gen_Vessels!$C$3:$C$500,0),1)),"") | U15: stork_1 | V15: 3 | W15: 400 | Y15: 3000 | Z15: device | AB15: FALSE
A16: =IF(ISBLANK($B16)=FALSE,IF(AND($G16>0,$H16<=0,$I16<=0),_xlfn.CONCAT("ofw_",$B16),IF(AND($G16<=0,$H16>0,$I16<=0),_xlfn.CONCAT("owc_",$B16),IF(AND($G16<=0,$H16<=0,$I16>0),_xlfn.CONCAT("opv_",$B16),_xlfn.CONCAT("oce_",$B16)))),"") | R16: =IFERROR(IF(ISBLANK(Q16),"",INDEX([1]Gen_Vessels!$A$3:$C$500,MATCH(InspectionSite!$Q16,[1]Gen_Vessels!$C$3:$C$500,0),1)),"") | T16: =IFERROR(IF(ISBLANK(S16),"",INDEX([1]Gen_Vessels!$A$3:$C$500,MATCH(InspectionSite!$S16,[1]Gen_Vessels!$C$3:$C$500,0),1)),"")
A17: =IF(ISBLANK($B17)=FALSE,IF(AND($G17>0,$H17<=0,$I17<=0),_xlfn.CONCAT("ofw_",$B17),IF(AND($G17<=0,$H17>0,$I17<=0),_xlfn.CONCAT("owc_",$B17),IF(AND($G17<=0,$H17<=0,$I17>0),_xlfn.CONCAT("opv_",$B17),_xlfn.CONCAT("oce_",$B17)))),"") | R17: =IFERROR(IF(ISBLANK(Q17),"",INDEX([1]Gen_Vessels!$A$3:$C$500,MATCH(InspectionSite!$Q17,[1]Gen_Vessels!$C$3:$C$500,0),1)),"") | T17: =IFERROR(IF(ISBLANK(S17),"",INDEX([1]Gen_Vessels!$A$3:$C$500,MATCH(InspectionSite!$S17,[1]Gen_Vessels!$C$3:$C$500,0),1)),"")
A18: =IF(ISBLANK($B18)=FALSE,IF(AND($G18>0,$H18<=0,$I18<=0),_xlfn.CONCAT("ofw_",$B18),IF(AND($G18<=0,$H18>0,$I18<=0),_xlfn.CONCAT("owc_",$B18),IF(AND($G18<=0,$H18<=0,$I18>0),_xlfn.CONCAT("opv_",$B18),_xlfn.CONCAT("oce_",$B18)))),"") | R18: =IFERROR(IF(ISBLANK(Q18),"",INDEX([1]Gen_Vessels!$A$3:$C$500,MATCH(InspectionSite!$Q18,[1]Gen_Vessels!$C$3:$C$500,0),1)),"") | T18: =IFERROR(IF(ISBLANK(S18),"",INDEX([1]Gen_Vessels!$A$3:$C$500,MATCH(InspectionSite!$S18,[1]Gen_Vessels!$C$3:$C$500,0),1)),"")
A19: =IF(ISBLANK($B19)=FALSE,IF(AND($G19>0,$H19<=0,$I19<=0),_xlfn.CONCAT("ofw_",$B19),IF(AND($G19<=0,$H19>0,$I19<=0),_xlfn.CONCAT("owc_",$B19),IF(AND($G19<=0,$H19<=0,$I19>0),_xlfn.CONCAT("opv_",$B19),_xlfn.CONCAT("oce_",$B19)))),"") | R19: =IFERROR(IF(ISBLANK(Q19),"",INDEX([1]Gen_Vessels!$A$3:$C$500,MATCH(InspectionSite!$Q19,[1]Gen_Vessels!$C$3:$C$500,0),1)),"") | T19: =IFERROR(IF(ISBLANK(S19),"",INDEX([1]Gen_Vessels!$A$3:$C$500,MATCH(InspectionSite!$S19,[1]Gen_Vessels!$C$3:$C$500,0),1)),"")
A20: =IF(ISBLANK($B20)=FALSE,IF(AND($G20>0,$H20<=0,$I20<=0),_xlfn.CONCAT("ofw_",$B20),IF(AND($G20<=0,$H20>0,$I20<=0),_xlfn.CONCAT("owc_",$B20),IF(AND($G20<=0,$H20<=0,$I20>0),_xlfn.CONCAT("opv_",$B20),_xlfn.CONCAT("oce_",$B20)))),"") | R20: =IFERROR(IF(ISBLANK(Q20),"",INDEX([1]Gen_Vessels!$A$3:$C$500,MATCH(InspectionSite!$Q20,[1]Gen_Vessels!$C$3:$C$500,0),1)),"") | T20: =IFERROR(IF(ISBLANK(S20),"",INDEX([1]Gen_Vessels!$A$3:$C$500,MATCH(InspectionSite!$S20,[1]Gen_Vessels!$C$3:$C$500,0),1)),"")
A21: =IF(ISBLANK($B21)=FALSE,IF(AND($G21>0,$H21<=0,$I21<=0),_xlfn.CONCAT("ofw_",$B21),IF(AND($G21<=0,$H21>0,$I21<=0),_xlfn.CONCAT("owc_",$B21),IF(AND($G21<=0,$H21<=0,$I21>0),_xlfn.CONCAT("opv_",$B21),_xlfn.CONCAT("oce_",$B21)))),"") | R21: =IFERROR(IF(ISBLANK(Q21),"",INDEX([1]Gen_Vessels!$A$3:$C$500,MATCH(InspectionSite!$Q21,[1]Gen_Vessels!$C$3:$C$500,0),1)),"") | T21: =IFERROR(IF(ISBLANK(S21),"",INDEX([1]Gen_Vessels!$A$3:$C$500,MATCH(InspectionSite!$S21,[1]Gen_Vessels!$C$3:$C$500,0),1)),"")
A22: =IF(ISBLANK($B22)=FALSE,IF(AND($G22>0,$H22<=0,$I22<=0),_xlfn.CONCAT("ofw_",$B22),IF(AND($G22<=0,$H22>0,$I22<=0),_xlfn.CONCAT("owc_",$B22),IF(AND($G22<=0,$H22<=0,$I22>0),_xlfn.CONCAT("opv_",$B22),_xlfn.CONCAT("oce_",$B22)))),"") | R22: =IFERROR(IF(ISBLANK(Q22),"",INDEX([1]Gen_Vessels!$A$3:$C$500,MATCH(InspectionSite!$Q22,[1]Gen_Vessels!$C$3:$C$500,0),1)),"") | T22: =IFERROR(IF(ISBLANK(S22),"",INDEX([1]Gen_Vessels!$A$3:$C$500,MATCH(InspectionSite!$S22,[1]Gen_Vessels!$C$3:$C$500,0),1)),"")
A23: =IF(ISBLANK($B23)=FALSE,IF(AND($G23>0,$H23<=0,$I23<=0),_xlfn.CONCAT("ofw_",$B23),IF(AND($G23<=0,$H23>0,$I23<=0),_xlfn.CONCAT("owc_",$B23),IF(AND($G23<=0,$H23<=0,$I23>0),_xlfn.CONCAT("opv_",$B23),_xlfn.CONCAT("oce_",$B23)))),"") | R23: =IFERROR(IF(ISBLANK(Q23),"",INDEX([1]Gen_Vessels!$A$3:$C$500,MATCH(InspectionSite!$Q23,[1]Gen_Vessels!$C$3:$C$500,0),1)),"") | T23: =IFERROR(IF(ISBLANK(S23),"",INDEX([1]Gen_Vessels!$A$3:$C$500,MATCH(InspectionSite!$S23,[1]Gen_Vessels!$C$3:$C$500,0),1)),"")
A24: =IF(ISBLANK($B24)=FALSE,IF(AND($G24>0,$H24<=0,$I24<=0),_xlfn.CONCAT("ofw_",$B24),IF(AND($G24<=0,$H24>0,$I24<=0),_xlfn.CONCAT("owc_",$B24),IF(AND($G24<=0,$H24<=0,$I24>0),_xlfn.CONCAT("opv_",$B24),_xlfn.CONCAT("oce_",$B24)))),"") | R24: =IFERROR(IF(ISBLANK(Q24),"",INDEX([1]Gen_Vessels!$A$3:$C$500,MATCH(InspectionSite!$Q24,[1]Gen_Vessels!$C$3:$C$500,0),1)),"") | T24: =IFERROR(IF(ISBLANK(S24),"",INDEX([1]Gen_Vessels!$A$3:$C$500,MATCH(InspectionSite!$S24,[1]Gen_Vessels!$C$3:$C$500,0),1)),"")
A25: =IF(ISBLANK($B25)=FALSE,IF(AND($G25>0,$H25<=0,$I25<=0),_xlfn.CONCAT("ofw_",$B25),IF(AND($G25<=0,$H25>0,$I25<=0),_xlfn.CONCAT("owc_",$B25),IF(AND($G25<=0,$H25<=0,$I25>0),_xlfn.CONCAT("opv_",$B25),_xlfn.CONCAT("oce_",$B25)))),"") | R25: =IFERROR(IF(ISBLANK(Q25),"",INDEX([1]Gen_Vessels!$A$3:$C$500,MATCH(InspectionSite!$Q25,[1]Gen_Vessels!$C$3:$C$500,0),1)),"") | T25: =IFERROR(IF(ISBLANK(S25),"",INDEX([1]Gen_Vessels!$A$3:$C$500,MATCH(InspectionSite!$S25,[1]Gen_Vessels!$C$3:$C$500,0),1)),"")
A26: =IF(ISBLANK($B26)=FALSE,IF(AND($G26>0,$H26<=0,$I26<=0),_xlfn.CONCAT("ofw_",$B26),IF(AND($G26<=0,$H26>0,$I26<=0),_xlfn.CONCAT("owc_",$B26),IF(AND($G26<=0,$H26<=0,$I26>0),_xlfn.CONCAT("opv_",$B26),_xlfn.CONCAT("oce_",$B26)))),"") | R26: =IFERROR(IF(ISBLANK(Q26),"",INDEX([1]Gen_Vessels!$A$3:$C$500,MATCH(InspectionSite!$Q26,[1]Gen_Vessels!$C$3:$C$500,0),1)),"") | T26: =IFERROR(IF(ISBLANK(S26),"",INDEX([1]Gen_Vessels!$A$3:$C$500,MATCH(InspectionSite!$S26,[1]Gen_Vessels!$C$3:$C$500,0),1)),"")
A27: =IF(ISBLANK($B27)=FALSE,IF(AND($G27>0,$H27<=0,$I27<=0),_xlfn.CONCAT("ofw_",$B27),IF(AND($G27<=0,$H27>0,$I27<=0),_xlfn.CONCAT("owc_",$B27),IF(AND($G27<=0,$H27<=0,$I27>0),_xlfn.CONCAT("opv_",$B27),_xlfn.CONCAT("oce_",$B27)))),"") | R27: =IFERROR(IF(ISBLANK(Q27),"",INDEX([1]Gen_Vessels!$A$3:$C$500,MATCH(InspectionSite!$Q27,[1]Gen_Vessels!$C$3:$C$500,0),1)),"") | T27: =IFERROR(IF(ISBLANK(S27),"",INDEX([1]Gen_Vessels!$A$3:$C$500,MATCH(InspectionSite!$S27,[1]Gen_Vessels!$C$3:$C$500,0),1)),"")
... A490: =IF(ISBLANK($B490)=FALSE,IF(AND($G490>0,$H490<=0,$I490<=0),_xlfn.CONCAT("ofw_",$B490),IF(AND($G490<=0,$H490>0,$I490<=0),_xlfn.CONCAT("owc_",$B490),IF(AND($G490<=0,$H490<=0,$I490>0),_xlfn.CONCAT("opv_",$B490),_xlfn.CONCAT("oce_",$B490)))),"") | R490: =IFERROR(IF(ISBLANK(Q490),"",INDEX([1]Gen_Vessels!$A$3:$C$500,MATCH(InspectionSite!$Q490,[1]Gen_Vessels!$C$3:$C$500,0),1)),"") | T490: =IFERROR(IF(ISBLANK(S490),"",INDEX([1]Gen_Vessels!$A$3:$C$500,MATCH(InspectionSite!$S490,[1]Gen_Vessels!$C$3:$C$500,0),1)),"")
R491: =IFERROR(IF(ISBLANK(Q491),"",INDEX([1]Gen_Vessels!$A$3:$C$500,MATCH(InspectionSite!$Q491,[1]Gen_Vessels!$C$3:$C$500,0),1)),"") | T491: =IFERROR(IF(ISBLANK(S491),"",INDEX([1]Gen_Vessels!$A$3:$C$500,MATCH(InspectionSite!$S491,[1]Gen_Vessels!$C$3:$C$500,0),1)),"")
R492: =IFERROR(IF(ISBLANK(Q492),"",INDEX([1]Gen_Vessels!$A$3:$C$500,MATCH(InspectionSite!$Q492,[1]Gen_Vessels!$C$3:$C$500,0),1)),"") | T492: =IFERROR(IF(ISBLANK(S492),"",INDEX([1]Gen_Vessels!$A$3:$C$500,MATCH(InspectionSite!$S492,[1]Gen_Vessels!$C$3:$C$500,0),1)),"")
R493: =IFERROR(IF(ISBLANK(Q493),"",INDEX([1]Gen_Vessels!$A$3:$C$500,MATCH(InspectionSite!$Q493,[1]Gen_Vessels!$C$3:$C$500,0),1)),"") | T493: =IFERROR(IF(ISBLANK(S493),"",INDEX([1]Gen_Vessels!$A$3:$C$500,MATCH(InspectionSite!$S493,[1]Gen_Vessels!$C$3:$C$500,0),1)),"")
R494: =IFERROR(IF(ISBLANK(Q494),"",INDEX([1]Gen_Vessels!$A$3:$C$500,MATCH(InspectionSite!$Q494,[1]Gen_Vessels!$C$3:$C$500,0),1)),"") | T494: =IFERROR(IF(ISBLANK(S494),"",INDEX([1]Gen_Vessels!$A$3:$C$500,MATCH(InspectionSite!$S494,[1]Gen_Vessels!$C$3:$C$500,0),1)),"")
R495: =IFERROR(IF(ISBLANK(Q495),"",INDEX([1]Gen_Vessels!$A$3:$C$500,MATCH(InspectionSite!$Q495,[1]Gen_Vessels!$C$3:$C$500,0),1)),"") | T495: =IFERROR(IF(ISBLANK(S495),"",INDEX([1]Gen_Vessels!$A$3:$C$500,MATCH(InspectionSite!$S495,[1]Gen_Vessels!$C$3:$C$500,0),1)),"")
R496: =IFERROR(IF(ISBLANK(Q496),"",INDEX([1]Gen_Vessels!$A$3:$C$500,MATCH(InspectionSite!$Q496,[1]Gen_Vessels!$C$3:$C$500,0),1)),"") | T496: =IFERROR(IF(ISBLANK(S496),"",INDEX([1]Gen_Vessels!$A$3:$C$500,MATCH(InspectionSite!$S496,[1]Gen_Vessels!$C$3:$C$500,0),1)),"")
R497: =IFERROR(IF(ISBLANK(Q497),"",INDEX([1]Gen_Vessels!$A$3:$C$500,MATCH(InspectionSite!$Q497,[1]Gen_Vessels!$C$3:$C$500,0),1)),"") | T497: =IFERROR(IF(ISBLANK(S497),"",INDEX([1]Gen_Vessels!$A$3:$C$500,MATCH(InspectionSite!$S497,[1]Gen_Vessels!$C$3:$C$500,0),1)),"")
R498: =IFERROR(IF(ISBLANK(Q498),"",INDEX([1]Gen_Vessels!$A$3:$C$500,MATCH(InspectionSite!$Q498,[1]Gen_Vessels!$C$3:$C$500,0),1)),"") | T498: =IFERROR(IF(ISBLANK(S498),"",INDEX([1]Gen_Vessels!$A$3:$C$500,MATCH(InspectionSite!$S498,[1]Gen_Vessels!$C$3:$C$500,0),1)),"")

Sheet InspectionPort
A1: id | B1: id_short | C1: name | D1: periodicity | E1: preferred_months | F1: devices_intervened | G1: dur_per_device | H1: ws | I1: technicians_per_device | J1: technician_cost | K1: parts_cost | L1: other_costs | M1: port_costs
A2: - | B2: - | C2: - | D2: every X years | E2: - | F2: - | G2: h | H2: m/s | I2: - | J2: €/technician/day | K2: € | L2: € | M2: €/day
A3: owc_CPO_A3 | B3: CPO_A3 | C3: WEC on land inspection | D3: 5 | E3: 06, 07, 08, 09 | F3: 10 | G3: 168 | I3: 3 | J3: 300 | K3: 498125
A4: owc_CPO_A4 | B4: CPO_A4 | C4: WEC on land replacement | D4: 5 | E4: 06, 07, 08, 09 | F4: 10 | G4: 672 | I4: 3 | J4: 300 | K4: 498125

Sheet CorrectiveMajor
A1: id | B1: name | C1: tow_to_port | D1: vessel1 | E1: vessel1_id | F1: vessel2 | G1: vessel2_id | H1: rov_drone | I1: technicians_required | J1: technician_cost | K1: parts_cost | L1: other_costs | M1: port_costs
A2: - | B2: - | C2: - | D2: - | E2: - | F2: - | G2: - | H2: - | I2: - | J2: €/technician/day | K2: € | L2: € | M2: €/day
A3: owc_OP101 | B3: Mooring line replacement | C3: FALSE | D3: V003 - AHTS | E3: =IFERROR(IF(ISBLANK(D3),"",INDEX([1]Gen_Vessels!$A$3:$C$500,MATCH(D3,[1]Gen_Vessels!$C$3:$C$500,0),1)),"") -> V003 | G3: =IFERROR(IF(ISBLANK(F3),"",INDEX([1]Gen_Vessels!$A$3:$C$500,MATCH(F3,[1]Gen_Vessels!$C$3:$C$500,0),1)),"") | I3: 3 | J3: 300 | K3: 20000 | L3: 30000
A4: ofw_OP103 | B4: Blade replacement | C4: TRUE | E4: =IFERROR(IF(ISBLANK(D4),"",INDEX([1]Gen_Vessels!$A$3:$C$500,MATCH(D4,[1]Gen_Vessels!$C$3:$C$500,0),1)),"") | G4: =IFERROR(IF(ISBLANK(F4),"",INDEX([1]Gen_Vessels!$A$3:$C$500,MATCH(F4,[1]Gen_Vessels!$C$3:$C$500,0),1)),"") | I4: 5 | J4: 100 | K4: 250000 | L4: 1500
A5: oce_OP110 | B5: Export cable repair | C5: FALSE | D5: V002 - Multicat | E5: =IFERROR(IF(ISBLANK(D5),"",INDEX([1]Gen_Vessels!$A$3:$C$500,MATCH(D5,[1]Gen_Vessels!$C$3:$C$500,0),1)),"") -> V002 | G5: =IFERROR(IF(ISBLANK(F5),"",INDEX([1]Gen_Vessels!$A$3:$C$500,MATCH(F5,[1]Gen_Vessels!$C$3:$C$500,0),1)),"") | I5: 5 | J5: 500 | K5: 1000000 | L5: 100000
E6: =IFERROR(IF(ISBLANK(D6),"",INDEX([1]Gen_Vessels!$A$3:$C$500,MATCH(D6,[1]Gen_Vessels!$C$3:$C$500,0),1)),"") | G6: =IFERROR(IF(ISBLANK(F6),"",INDEX([1]Gen_Vessels!$A$3:$C$500,MATCH(F6,[1]Gen_Vessels!$C$3:$C$500,0),1)),"")
E7: =IFERROR(IF(ISBLANK(D7),"",INDEX([1]Gen_Vessels!$A$3:$C$500,MATCH(D7,[1]Gen_Vessels!$C$3:$C$500,0),1)),"") | G7: =IFERROR(IF(ISBLANK(F7),"",INDEX([1]Gen_Vessels!$A$3:$C$500,MATCH(F7,[1]Gen_Vessels!$C$3:$C$500,0),1)),"")
E8: =IFERROR(IF(ISBLANK(D8),"",INDEX([1]Gen_Vessels!$A$3:$C$500,MATCH(D8,[1]Gen_Vessels!$C$3:$C$500,0),1)),"") | G8: =IFERROR(IF(ISBLANK(F8),"",INDEX([1]Gen_Vessels!$A$3:$C$500,MATCH(F8,[1]Gen_Vessels!$C$3:$C$500,0),1)),"")
E9: =IFERROR(IF(ISBLANK(D9),"",INDEX([1]Gen_Vessels!$A$3:$C$500,MATCH(D9,[1]Gen_Vessels!$C$3:$C$500,0),1)),"") | G9: =IFERROR(IF(ISBLANK(F9),"",INDEX([1]Gen_Vessels!$A$3:$C$500,MATCH(F9,[1]Gen_Vessels!$C$3:$C$500,0),1)),"")
E10: =IFERROR(IF(ISBLANK(D10),"",INDEX([1]Gen_Vessels!$A$3:$C$500,MATCH(D10,[1]Gen_Vessels!$C$3:$C$500,0),1)),"") | G10: =IFERROR(IF(ISBLANK(F10),"",INDEX([1]Gen_Vessels!$A$3:$C$500,MATCH(F10,[1]Gen_Vessels!$C$3:$C$500,0),1)),"")
E11: =IFERROR(IF(ISBLANK(D11),"",INDEX([1]Gen_Vessels!$A$3:$C$500,MATCH(D11,[1]Gen_Vessels!$C$3:$C$500,0),1)),"") | G11: =IFERROR(IF(ISBLANK(F11),"",INDEX([1]Gen_Vessels!$A$3:$C$500,MATCH(F11,[1]Gen_Vessels!$C$3:$C$500,0),1)),"")
E12: =IFERROR(IF(ISBLANK(D12),"",INDEX([1]Gen_Vessels!$A$3:$C$500,MATCH(D12,[1]Gen_Vessels!$C$3:$C$500,0),1)),"") | G12: =IFERROR(IF(ISBLANK(F12),"",INDEX([1]Gen_Vessels!$A$3:$C$500,MATCH(F12,[1]Gen_Vessels!$C$3:$C$500,0),1)),"")
E13: =IFERROR(IF(ISBLANK(D13),"",INDEX([1]Gen_Vessels!$A$3:$C$500,MATCH(D13,[1]Gen_Vessels!$C$3:$C$500,0),1)),"") | G13: =IFERROR(IF(ISBLANK(F13),"",INDEX([1]Gen_Vessels!$A$3:$C$500,MATCH(F13,[1]Gen_Vessels!$C$3:$C$500,0),1)),"")
E14: =IFERROR(IF(ISBLANK(D14),"",INDEX([1]Gen_Vessels!$A$3:$C$500,MATCH(D14,[1]Gen_Vessels!$C$3:$C$500,0),1)),"") | G14: =IFERROR(IF(ISBLANK(F14),"",INDEX([1]Gen_Vessels!$A$3:$C$500,MATCH(F14,[1]Gen_Vessels!$C$3:$C$500,0),1)),"")
E15: =IFERROR(IF(ISBLANK(D15),"",INDEX([1]Gen_Vessels!$A$3:$C$500,MATCH(D15,[1]Gen_Vessels!$C$3:$C$500,0),1)),"") | G15: =IFERROR(IF(ISBLANK(F15),"",INDEX([1]Gen_Vessels!$A$3:$C$500,MATCH(F15,[1]Gen_Vessels!$C$3:$C$500,0),1)),"")
E16: =IFERROR(IF(ISBLANK(D16),"",INDEX([1]Gen_Vessels!$A$3:$C$500,MATCH(D16,[1]Gen_Vessels!$C$3:$C$500,0),1)),"") | G16: =IFERROR(IF(ISBLANK(F16),"",INDEX([1]Gen_Vessels!$A$3:$C$500,MATCH(F16,[1]Gen_Vessels!$C$3:$C$500,0),1)),"")
E17: =IFERROR(IF(ISBLANK(D17),"",INDEX([1]Gen_Vessels!$A$3:$C$500,MATCH(D17,[1]Gen_Vessels!$C$3:$C$500,0),1)),"") | G17: =IFERROR(IF(ISBLANK(F17),"",INDEX([1]Gen_Vessels!$A$3:$C$500,MATCH(F17,[1]Gen_Vessels!$C$3:$C$500,0),1)),"")
... E498: =IFERROR(IF(ISBLANK(D498),"",INDEX([1]Gen_Vessels!$A$3:$C$500,MATCH(D498,[1]Gen_Vessels!$C$3:$C$500,0),1)),"") | G498: =IFERROR(IF(ISBLANK(F498),"",INDEX([1]Gen_Vessels!$A$3:$C$500,MATCH(F498,[1]Gen_Vessels!$C$3:$C$500,0),1)),"")

Sheet CorrectiveMinor
A1: id | B1: id_short | C1: name | D1: wtg | E1: wec | F1: pv | G1: duration_net | H1: hs | I1: tp | J1: ws | K1: ws_hub | L1: cs | M1: vessel1 | N1: vessel1_id | O1: vessel2 | P1: vessel2_id | Q1: rov_drone | R1: technicians | S1: technician_cost | T1: parts_cost | U1: other_costs | V1: level
A2: - | B2: - | C2: - | D2: - | E2: - | F2: - | G2: h | H2: m | I2: s | J2: m/s | K2: m/s | L2: m/s | M2: - | N2: - | O2: - | P2: - | Q2: - | R2: - | S2: €/technician/day | T2: € | U2: € | V2: -
A3: =IF(ISBLANK($B3)=FALSE,IF(AND($D3>0,$E3<=0,$F3<=0),_xlfn.CONCAT("ofw_",$B3),IF(AND($D3<=0,$E3>0,$F3<=0),_xlfn.CONCAT("owc_",$B3),IF(AND($D3<=0,$E3<=0,$F3>0),_xlfn.CONCAT("opv_",$B3),_xlfn.CONCAT("oce_",$B3)))),"") -> ofw_OPm001 | B3: OPm001 | C3: Minor repair | D3: x | G3: 4 | H3: 1.5 | M3: V201 - CTV | N3: =IFERROR(IF(ISBLANK(M3),"",INDEX([1]Gen_Vessels!$A$3:$C$500,MATCH(CorrectiveMinor!$M3,[1]Gen_Vessels!$C$3:$C$500,0),1)),"") -> V201 | P3: =IFERROR(IF(ISBLANK(O3),"",INDEX([1]Gen_Vessels!$A$3:$C$500,MATCH(CorrectiveMinor!$O3,[1]Gen_Vessels!$C$3:$C$500,0),1)),"") | R3: 2 | S3: 500 | T3: 4200 | V3: device
A4: =IF(ISBLANK($B4)=FALSE,IF(AND($D4>0,$E4<=0,$F4<=0),_xlfn.CONCAT("ofw_",$B4),IF(AND($D4<=0,$E4>0,$F4<=0),_xlfn.CONCAT("owc_",$B4),IF(AND($D4<=0,$E4<=0,$F4>0),_xlfn.CONCAT("opv_",$B4),_xlfn.CONCAT("oce_",$B4)))),"") -> ofw_OPm002 | B4: OPm002 | C4: Medium repair type1 | D4: x | G4: 6 | H4: 1.5 | M4: V201 - CTV | N4: =IFERROR(IF(ISBLANK(M4),"",INDEX([1]Gen_Vessels!$A$3:$C$500,MATCH(CorrectiveMinor!$M4,[1]Gen_Vessels!$C$3:$C$500,0),1)),"") -> V201 | P4: =IFERROR(IF(ISBLANK(O4),"",INDEX([1]Gen_Vessels!$A$3:$C$500,MATCH(CorrectiveMinor!$O4,[1]Gen_Vessels!$C$3:$C$500,0),1)),"") | R4: 4 | S4: 500 | T4: 77700 | V4: device
A5: =IF(ISBLANK($B5)=FALSE,IF(AND($D5>0,$E5<=0,$F5<=0),_xlfn.CONCAT("ofw_",$B5),IF(AND($D5<=0,$E5>0,$F5<=0),_xlfn.CONCAT("owc_",$B5),IF(AND($D5<=0,$E5<=0,$F5>0),_xlfn.CONCAT("opv_",$B5),_xlfn.CONCAT("oce_",$B5)))),"") -> ofw_OPm003 | B5: OPm003 | C5: Medium repair type2 | D5: x | G5: 8 | H5: 1.5 | M5: V201 - CTV | N5: =IFERROR(IF(ISBLANK(M5),"",INDEX([1]Gen_Vessels!$A$3:$C$500,MATCH(CorrectiveMinor!$M5,[1]Gen_Vessels!$C$3:$C$500,0),1)),"") -> V201 | P5: =IFERROR(IF(ISBLANK(O5),"",INDEX([1]Gen_Vessels!$A$3:$C$500,MATCH(CorrectiveMinor!$O5,[1]Gen_Vessels!$C$3:$C$500,0),1)),"") | R5: 4 | S5: 500 | T5: 77700 | V5: device
A6: =IF(ISBLANK($B6)=FALSE,IF(AND($D6>0,$E6<=0,$F6<=0),_xlfn.CONCAT("ofw_",$B6),IF(AND($D6<=0,$E6>0,$F6<=0),_xlfn.CONCAT("owc_",$B6),IF(AND($D6<=0,$E6<=0,$F6>0),_xlfn.CONCAT("opv_",$B6),_xlfn.CONCAT("oce_",$B6)))),"") -> ofw_OPm004 | B6: OPm004 | C6: Medium repair type3 | D6: x | G6: 6 | H6: 1.5 | M6: V201 - CTV | N6: =IFERROR(IF(ISBLANK(M6),"",INDEX([1]Gen_Vessels!$A$3:$C$500,MATCH(CorrectiveMinor!$M6,[1]Gen_Vessels!$C$3:$C$500,0),1)),"") -> V201 | P6: =IFERROR(IF(ISBLANK(O6),"",INDEX([1]Gen_Vessels!$A$3:$C$500,MATCH(CorrectiveMinor!$O6,[1]Gen_Vessels!$C$3:$C$500,0),1)),"") | R6: 4 | S6: 500 | T6: 77700 | V6: device
A7: =IF(ISBLANK($B7)=FALSE,IF(AND($D7>0,$E7<=0,$F7<=0),_xlfn.CONCAT("ofw_",$B7),IF(AND($D7<=0,$E7>0,$F7<=0),_xlfn.CONCAT("owc_",$B7),IF(AND($D7<=0,$E7<=0,$F7>0),_xlfn.CONCAT("opv_",$B7),_xlfn.CONCAT("oce_",$B7)))),"") -> ofw_OPm005 | B7: OPm005 | C7: Medium repair type4 | D7: x | G7: 5 | H7: 1.5 | M7: V201 - CTV | N7: =IFERROR(IF(ISBLANK(M7),"",INDEX([1]Gen_Vessels!$A$3:$C$500,MATCH(CorrectiveMinor!$M7,[1]Gen_Vessels!$C$3:$C$500,0),1)),"") -> V201 | P7: =IFERROR(IF(ISBLANK(O7),"",INDEX([1]Gen_Vessels!$A$3:$C$500,MATCH(CorrectiveMinor!$O7,[1]Gen_Vessels!$C$3:$C$500,0),1)),"") | R7: 4 | S7: 500 | T7: 77700 | V7: device
A8: =IF(ISBLANK($B8)=FALSE,IF(AND($D8>0,$E8<=0,$F8<=0),_xlfn.CONCAT("ofw_",$B8),IF(AND($D8<=0,$E8>0,$F8<=0),_xlfn.CONCAT("owc_",$B8),IF(AND($D8<=0,$E8<=0,$F8>0),_xlfn.CONCAT("opv_",$B8),_xlfn.CONCAT("oce_",$B8)))),"") -> ofw_OPm006 | B8: OPm006 | C8: Medium repair type5 | D8: x | G8: 6 | H8: 1.5 | M8: V201 - CTV | N8: =IFERROR(IF(ISBLANK(M8),"",INDEX([1]Gen_Vessels!$A$3:$C$500,MATCH(CorrectiveMinor!$M8,[1]Gen_Vessels!$C$3:$C$500,0),1)),"") -> V201 | P8: =IFERROR(IF(ISBLANK(O8),"",INDEX([1]Gen_Vessels!$A$3:$C$500,MATCH(CorrectiveMinor!$O8,[1]Gen_Vessels!$C$3:$C$500,0),1)),"") | R8: 4 | S8: 500 | T8: 77700 | V8: device
A9: =IF(ISBLANK($B9)=FALSE,IF(AND($D9>0,$E9<=0,$F9<=0),_xlfn.CONCAT("ofw_",$B9),IF(AND($D9<=0,$E9>0,$F9<=0),_xlfn.CONCAT("owc_",$B9),IF(AND($D9<=0,$E9<=0,$F9>0),_xlfn.CONCAT("opv_",$B9),_xlfn.CONCAT("oce_",$B9)))),"") | N9: =IFERROR(IF(ISBLANK(M9),"",INDEX([1]Gen_Vessels!$A$3:$C$500,MATCH(CorrectiveMinor!$M9,[1]Gen_Vessels!$C$3:$C$500,0),1)),"") | P9: =IFERROR(IF(ISBLANK(O9),"",INDEX([1]Gen_Vessels!$A$3:$C$500,MATCH(CorrectiveMinor!$O9,[1]Gen_Vessels!$C$3:$C$500,0),1)),"")
A10: =IF(ISBLANK($B10)=FALSE,IF(AND($D10>0,$E10<=0,$F10<=0),_xlfn.CONCAT("ofw_",$B10),IF(AND($D10<=0,$E10>0,$F10<=0),_xlfn.CONCAT("owc_",$B10),IF(AND($D10<=0,$E10<=0,$F10>0),_xlfn.CONCAT("opv_",$B10),_xlfn.CONCAT("oce_",$B10)))),"") | N10: =IFERROR(IF(ISBLANK(M10),"",INDEX([1]Gen_Vessels!$A$3:$C$500,MATCH(CorrectiveMinor!$M10,[1]Gen_Vessels!$C$3:$C$500,0),1)),"") | P10: =IFERROR(IF(ISBLANK(O10),"",INDEX([1]Gen_Vessels!$A$3:$C$500,MATCH(CorrectiveMinor!$O10,[1]Gen_Vessels!$C$3:$C$500,0),1)),"")
A11: =IF(ISBLANK($B11)=FALSE,IF(AND($D11>0,$E11<=0,$F11<=0),_xlfn.CONCAT("ofw_",$B11),IF(AND($D11<=0,$E11>0,$F11<=0),_xlfn.CONCAT("owc_",$B11),IF(AND($D11<=0,$E11<=0,$F11>0),_xlfn.CONCAT("opv_",$B11),_xlfn.CONCAT("oce_",$B11)))),"") | N11: =IFERROR(IF(ISBLANK(M11),"",INDEX([1]Gen_Vessels!$A$3:$C$500,MATCH(CorrectiveMinor!$M11,[1]Gen_Vessels!$C$3:$C$500,0),1)),"") | P11: =IFERROR(IF(ISBLANK(O11),"",INDEX([1]Gen_Vessels!$A$3:$C$500,MATCH(CorrectiveMinor!$O11,[1]Gen_Vessels!$C$3:$C$500,0),1)),"")
A12: =IF(ISBLANK($B12)=FALSE,IF(AND($D12>0,$E12<=0,$F12<=0),_xlfn.CONCAT("ofw_",$B12),IF(AND($D12<=0,$E12>0,$F12<=0),_xlfn.CONCAT("owc_",$B12),IF(AND($D12<=0,$E12<=0,$F12>0),_xlfn.CONCAT("opv_",$B12),_xlfn.CONCAT("oce_",$B12)))),"") | N12: =IFERROR(IF(ISBLANK(M12),"",INDEX([1]Gen_Vessels!$A$3:$C$500,MATCH(CorrectiveMinor!$M12,[1]Gen_Vessels!$C$3:$C$500,0),1)),"") | P12: =IFERROR(IF(ISBLANK(O12),"",INDEX([1]Gen_Vessels!$A$3:$C$500,MATCH(CorrectiveMinor!$O12,[1]Gen_Vessels!$C$3:$C$500,0),1)),"")
A13: =IF(ISBLANK($B13)=FALSE,IF(AND($D13>0,$E13<=0,$F13<=0),_xlfn.CONCAT("ofw_",$B13),IF(AND($D13<=0,$E13>0,$F13<=0),_xlfn.CONCAT("owc_",$B13),IF(AND($D13<=0,$E13<=0,$F13>0),_xlfn.CONCAT("opv_",$B13),_xlfn.CONCAT("oce_",$B13)))),"") | N13: =IFERROR(IF(ISBLANK(M13),"",INDEX([1]Gen_Vessels!$A$3:$C$500,MATCH(CorrectiveMinor!$M13,[1]Gen_Vessels!$C$3:$C$500,0),1)),"") | P13: =IFERROR(IF(ISBLANK(O13),"",INDEX([1]Gen_Vessels!$A$3:$C$500,MATCH(CorrectiveMinor!$O13,[1]Gen_Vessels!$C$3:$C$500,0),1)),"")
A14: =IF(ISBLANK($B14)=FALSE,IF(AND($D14>0,$E14<=0,$F14<=0),_xlfn.CONCAT("ofw_",$B14),IF(AND($D14<=0,$E14>0,$F14<=0),_xlfn.CONCAT("owc_",$B14),IF(AND($D14<=0,$E14<=0,$F14>0),_xlfn.CONCAT("opv_",$B14),_xlfn.CONCAT("oce_",$B14)))),"") | N14: =IFERROR(IF(ISBLANK(M14),"",INDEX([1]Gen_Vessels!$A$3:$C$500,MATCH(CorrectiveMinor!$M14,[1]Gen_Vessels!$C$3:$C$500,0),1)),"") | P14: =IFERROR(IF(ISBLANK(O14),"",INDEX([1]Gen_Vessels!$A$3:$C$500,MATCH(CorrectiveMinor!$O14,[1]Gen_Vessels!$C$3:$C$500,0),1)),"")
A15: =IF(ISBLANK($B15)=FALSE,IF(AND($D15>0,$E15<=0,$F15<=0),_xlfn.CONCAT("ofw_",$B15),IF(AND($D15<=0,$E15>0,$F15<=0),_xlfn.CONCAT("owc_",$B15),IF(AND($D15<=0,$E15<=0,$F15>0),_xlfn.CONCAT("opv_",$B15),_xlfn.CONCAT("oce_",$B15)))),"") | N15: =IFERROR(IF(ISBLANK(M15),"",INDEX([1]Gen_Vessels!$A$3:$C$500,MATCH(CorrectiveMinor!$M15,[1]Gen_Vessels!$C$3:$C$500,0),1)),"") | P15: =IFERROR(IF(ISBLANK(O15),"",INDEX([1]Gen_Vessels!$A$3:$C$500,MATCH(CorrectiveMinor!$O15,[1]Gen_Vessels!$C$3:$C$500,0),1)),"")
A16: =IF(ISBLANK($B16)=FALSE,IF(AND($D16>0,$E16<=0,$F16<=0),_xlfn.CONCAT("ofw_",$B16),IF(AND($D16<=0,$E16>0,$F16<=0),_xlfn.CONCAT("owc_",$B16),IF(AND($D16<=0,$E16<=0,$F16>0),_xlfn.CONCAT("opv_",$B16),_xlfn.CONCAT("oce_",$B16)))),"") | N16: =IFERROR(IF(ISBLANK(M16),"",INDEX([1]Gen_Vessels!$A$3:$C$500,MATCH(CorrectiveMinor!$M16,[1]Gen_Vessels!$C$3:$C$500,0),1)),"") | P16: =IFERROR(IF(ISBLANK(O16),"",INDEX([1]Gen_Vessels!$A$3:$C$500,MATCH(CorrectiveMinor!$O16,[1]Gen_Vessels!$C$3:$C$500,0),1)),"")
A17: =IF(ISBLANK($B17)=FALSE,IF(AND($D17>0,$E17<=0,$F17<=0),_xlfn.CONCAT("ofw_",$B17),IF(AND($D17<=0,$E17>0,$F17<=0),_xlfn.CONCAT("owc_",$B17),IF(AND($D17<=0,$E17<=0,$F17>0),_xlfn.CONCAT("opv_",$B17),_xlfn.CONCAT("oce_",$B17)))),"") | N17: =IFERROR(IF(ISBLANK(M17),"",INDEX([1]Gen_Vessels!$A$3:$C$500,MATCH(CorrectiveMinor!$M17,[1]Gen_Vessels!$C$3:$C$500,0),1)),"") | P17: =IFERROR(IF(ISBLANK(O17),"",INDEX([1]Gen_Vessels!$A$3:$C$500,MATCH(CorrectiveMinor!$O17,[1]Gen_Vessels!$C$3:$C$500,0),1)),"")
A18: =IF(ISBLANK($B18)=FALSE,IF(AND($D18>0,$E18<=0,$F18<=0),_xlfn.CONCAT("ofw_",$B18),IF(AND($D18<=0,$E18>0,$F18<=0),_xlfn.CONCAT("owc_",$B18),IF(AND($D18<=0,$E18<=0,$F18>0),_xlfn.CONCAT("opv_",$B18),_xlfn.CONCAT("oce_",$B18)))),"") | N18: =IFERROR(IF(ISBLANK(M18),"",INDEX([1]Gen_Vessels!$A$3:$C$500,MATCH(CorrectiveMinor!$M18,[1]Gen_Vessels!$C$3:$C$500,0),1)),"") | P18: =IFERROR(IF(ISBLANK(O18),"",INDEX([1]Gen_Vessels!$A$3:$C$500,MATCH(CorrectiveMinor!$O18,[1]Gen_Vessels!$C$3:$C$500,0),1)),"")
A19: =IF(ISBLANK($B19)=FALSE,IF(AND($D19>0,$E19<=0,$F19<=0),_xlfn.CONCAT("ofw_",$B19),IF(AND($D19<=0,$E19>0,$F19<=0),_xlfn.CONCAT("owc_",$B19),IF(AND($D19<=0,$E19<=0,$F19>0),_xlfn.CONCAT("opv_",$B19),_xlfn.CONCAT("oce_",$B19)))),"") | N19: =IFERROR(IF(ISBLANK(M19),"",INDEX([1]Gen_Vessels!$A$3:$C$500,MATCH(CorrectiveMinor!$M19,[1]Gen_Vessels!$C$3:$C$500,0),1)),"") | P19: =IFERROR(IF(ISBLANK(O19),"",INDEX([1]Gen_Vessels!$A$3:$C$500,MATCH(CorrectiveMinor!$O19,[1]Gen_Vessels!$C$3:$C$500,0),1)),"")
A20: =IF(ISBLANK($B20)=FALSE,IF(AND($D20>0,$E20<=0,$F20<=0),_xlfn.CONCAT("ofw_",$B20),IF(AND($D20<=0,$E20>0,$F20<=0),_xlfn.CONCAT("owc_",$B20),IF(AND($D20<=0,$E20<=0,$F20>0),_xlfn.CONCAT("opv_",$B20),_xlfn.CONCAT("oce_",$B20)))),"") | N20: =IFERROR(IF(ISBLANK(M20),"",INDEX([1]Gen_Vessels!$A$3:$C$500,MATCH(CorrectiveMinor!$M20,[1]Gen_Vessels!$C$3:$C$500,0),1)),"") | P20: =IFERROR(IF(ISBLANK(O20),"",INDEX([1]Gen_Vessels!$A$3:$C$500,MATCH(CorrectiveMinor!$O20,[1]Gen_Vessels!$C$3:$C$500,0),1)),"")
... A492: =IF(ISBLANK($B492)=FALSE,IF(AND($D492>0,$E492<=0,$F492<=0),_xlfn.CONCAT("ofw_",$B492),IF(AND($D492<=0,$E492>0,$F492<=0),_xlfn.CONCAT("owc_",$B492),IF(AND($D492<=0,$E492<=0,$F492>0),_xlfn.CONCAT("opv_",$B492),_xlfn.CONCAT("oce_",$B492)))),"") | N492: =IFERROR(IF(ISBLANK(M492),"",INDEX([1]Gen_Vessels!$A$3:$C$500,MATCH(CorrectiveMinor!$M492,[1]Gen_Vessels!$C$3:$C$500,0),1)),"") | P492: =IFERROR(IF(ISBLANK(O492),"",INDEX([1]Gen_Vessels!$A$3:$C$500,MATCH(CorrectiveMinor!$O492,[1]Gen_Vessels!$C$3:$C$500,0),1)),"")
N493: =IFERROR(IF(ISBLANK(M493),"",INDEX([1]Gen_Vessels!$A$3:$C$500,MATCH(CorrectiveMinor!$M493,[1]Gen_Vessels!$C$3:$C$500,0),1)),"") | P493: =IFERROR(IF(ISBLANK(O493),"",INDEX([1]Gen_Vessels!$A$3:$C$500,MATCH(CorrectiveMinor!$O493,[1]Gen_Vessels!$C$3:$C$500,0),1)),"")
N494: =IFERROR(IF(ISBLANK(M494),"",INDEX([1]Gen_Vessels!$A$3:$C$500,MATCH(CorrectiveMinor!$M494,[1]Gen_Vessels!$C$3:$C$500,0),1)),"") | P494: =IFERROR(IF(ISBLANK(O494),"",INDEX([1]Gen_Vessels!$A$3:$C$500,MATCH(CorrectiveMinor!$O494,[1]Gen_Vessels!$C$3:$C$500,0),1)),"")
N495: =IFERROR(IF(ISBLANK(M495),"",INDEX([1]Gen_Vessels!$A$3:$C$500,MATCH(CorrectiveMinor!$M495,[1]Gen_Vessels!$C$3:$C$500,0),1)),"") | P495: =IFERROR(IF(ISBLANK(O495),"",INDEX([1]Gen_Vessels!$A$3:$C$500,MATCH(CorrectiveMinor!$O495,[1]Gen_Vessels!$C$3:$C$500,0),1)),"")
N496: =IFERROR(IF(ISBLANK(M496),"",INDEX([1]Gen_Vessels!$A$3:$C$500,MATCH(CorrectiveMinor!$M496,[1]Gen_Vessels!$C$3:$C$500,0),1)),"") | P496: =IFERROR(IF(ISBLANK(O496),"",INDEX([1]Gen_Vessels!$A$3:$C$500,MATCH(CorrectiveMinor!$O496,[1]Gen_Vessels!$C$3:$C$500,0),1)),"")
N497: =IFERROR(IF(ISBLANK(M497),"",INDEX([1]Gen_Vessels!$A$3:$C$500,MATCH(CorrectiveMinor!$M497,[1]Gen_Vessels!$C$3:$C$500,0),1)),"") | P497: =IFERROR(IF(ISBLANK(O497),"",INDEX([1]Gen_Vessels!$A$3:$C$500,MATCH(CorrectiveMinor!$O497,[1]Gen_Vessels!$C$3:$C$500,0),1)),"")
N498: =IFERROR(IF(ISBLANK(M498),"",INDEX([1]Gen_Vessels!$A$3:$C$500,MATCH(CorrectiveMinor!$M498,[1]Gen_Vessels!$C$3:$C$500,0),1)),"") | P498: =IFERROR(IF(ISBLANK(O498),"",INDEX([1]Gen_Vessels!$A$3:$C$500,MATCH(CorrectiveMinor!$O498,[1]Gen_Vessels!$C$3:$C$500,0),1)),"")
N499: =IFERROR(IF(ISBLANK(M499),"",INDEX([1]Gen_Vessels!$A$3:$C$500,MATCH(CorrectiveMinor!$M499,[1]Gen_Vessels!$C$3:$C$500,0),1)),"") | P499: =IFERROR(IF(ISBLANK(O499),"",INDEX([1]Gen_Vessels!$A$3:$C$500,MATCH(CorrectiveMinor!$O499,[1]Gen_Vessels!$C$3:$C$500,0),1)),"")
N500: =IFERROR(IF(ISBLANK(M500),"",INDEX([1]Gen_Vessels!$A$3:$C$500,MATCH(CorrectiveMinor!$M500,[1]Gen_Vessels!$C$3:$C$500,0),1)),"") | P500: =IFERROR(IF(ISBLANK(O500),"",INDEX([1]Gen_Vessels!$A$3:$C$500,MATCH(CorrectiveMinor!$O500,[1]Gen_Vessels!$C$3:$C$500,0),1)),"")

Sheet OperationTow
A1: id | B1: id_short | C1: name | D1: vessel1 | E1: vessel1_id | F1: vessel1_qt | G1: vessel2 | H1: vessel2_id | I1: additional_previous_op_tow | J1: rov_drone | K1: technicians_required | L1: technician_cost | M1: other_costs
A2: - | B2: - | C2: - | D2: - | E2: - | F2: - | G2: - | H2: - | I2: - | J2: - | K2: - | L2: €/technician/day | M2: €
A3: =IF(ISBLANK($B3)=FALSE,_xlfn.CONCAT($B3,"_tow"),"") -> owc_removal_tow | B3: owc_removal | C3: WEC removal | D3: V006 - Multicat | E3: =IFERROR(IF(ISBLANK(D3),"",INDEX([1]Gen_Vessels!$A$3:$C$500,MATCH(D3,[1]Gen_Vessels!$C$3:$C$500,0),1)),"") -> V006 | H3: =IFERROR(IF(ISBLANK(G3),"",INDEX([1]Gen_Vessels!$A$3:$C$500,MATCH(G3,[1]Gen_Vessels!$C$3:$C$500,0),1)),"") | K3: 1 | L3: 200
A4: =IF(ISBLANK($B4)=FALSE,_xlfn.CONCAT($B4,"_tow"),"") -> owc_redeploy_removal_tow | B4: owc_redeploy_removal | C4: WEC re-deploy and removal | D4: V006 - Multicat | E4: =IFERROR(IF(ISBLANK(D4),"",INDEX([1]Gen_Vessels!$A$3:$C$500,MATCH(D4,[1]Gen_Vessels!$C$3:$C$500,0),1)),"") -> V006 | H4: =IFERROR(IF(ISBLANK(G4),"",INDEX([1]Gen_Vessels!$A$3:$C$500,MATCH(G4,[1]Gen_Vessels!$C$3:$C$500,0),1)),"") | K4: 1 | L4: 200
A5: =IF(ISBLANK($B5)=FALSE,_xlfn.CONCAT($B5,"_tow"),"") -> owc_redeploy_tow | B5: owc_redeploy | C5: WEC re-deploy | D5: V006 - Multicat | E5: =IFERROR(IF(ISBLANK(D5),"",INDEX([1]Gen_Vessels!$A$3:$C$500,MATCH(D5,[1]Gen_Vessels!$C$3:$C$500,0),1)),"") -> V006 | H5: =IFERROR(IF(ISBLANK(G5),"",INDEX([1]Gen_Vessels!$A$3:$C$500,MATCH(G5,[1]Gen_Vessels!$C$3:$C$500,0),1)),"") | K5: 1 | L5: 200
A6: =IF(ISBLANK($B6)=FALSE,_xlfn.CONCAT($B6,"_tow"),"") -> ofw_removal_tow | B6: ofw_removal | C6: WTG removal | D6: V001 - Tug | E6: =IFERROR(IF(ISBLANK(D6),"",INDEX([1]Gen_Vessels!$A$3:$C$500,MATCH(D6,[1]Gen_Vessels!$C$3:$C$500,0),1)),"") -> V001 | F6: 3 | H6: =IFERROR(IF(ISBLANK(G6),"",INDEX([1]Gen_Vessels!$A$3:$C$500,MATCH(G6,[1]Gen_Vessels!$C$3:$C$500,0),1)),"") | K6: 6 | L6: 200 | M6: 5000
A7: =IF(ISBLANK($B7)=FALSE,_xlfn.CONCAT($B7,"_tow"),"") -> ofw_redeploy_removal_tow | B7: ofw_redeploy_removal | C7: WTG re-deploy and removal | D7: V001 - Tug | E7: =IFERROR(IF(ISBLANK(D7),"",INDEX([1]Gen_Vessels!$A$3:$C$500,MATCH(D7,[1]Gen_Vessels!$C$3:$C$500,0),1)),"") -> V001 | F7: 3 | H7: =IFERROR(IF(ISBLANK(G7),"",INDEX([1]Gen_Vessels!$A$3:$C$500,MATCH(G7,[1]Gen_Vessels!$C$3:$C$500,0),1)),"") | K7: 6 | L7: 200 | M7: 5000
A8: =IF(ISBLANK($B8)=FALSE,_xlfn.CONCAT($B8,"_tow"),"") -> ofw_redeploy_tow | B8: ofw_redeploy | C8: WTG re-deploy | D8: V001 - Tug | E8: =IFERROR(IF(ISBLANK(D8),"",INDEX([1]Gen_Vessels!$A$3:$C$500,MATCH(D8,[1]Gen_Vessels!$C$3:$C$500,0),1)),"") -> V001 | F8: 3 | H8: =IFERROR(IF(ISBLANK(G8),"",INDEX([1]Gen_Vessels!$A$3:$C$500,MATCH(G8,[1]Gen_Vessels!$C$3:$C$500,0),1)),"") | K8: 6 | L8: 200 | M8: 5000
A9: =IF(ISBLANK($B9)=FALSE,_xlfn.CONCAT($B9,"_tow"),"") | E9: =IFERROR(IF(ISBLANK(D9),"",INDEX([1]Gen_Vessels!$A$3:$C$500,MATCH(D9,[1]Gen_Vessels!$C$3:$C$500,0),1)),"") | H9: =IFERROR(IF(ISBLANK(G9),"",INDEX([1]Gen_Vessels!$A$3:$C$500,MATCH(G9,[1]Gen_Vessels!$C$3:$C$500,0),1)),"")
A10: =IF(ISBLANK($B10)=FALSE,_xlfn.CONCAT($B10,"_tow"),"") | E10: =IFERROR(IF(ISBLANK(D10),"",INDEX([1]Gen_Vessels!$A$3:$C$500,MATCH(D10,[1]Gen_Vessels!$C$3:$C$500,0),1)),"") | H10: =IFERROR(IF(ISBLANK(G10),"",INDEX([1]Gen_Vessels!$A$3:$C$500,MATCH(G10,[1]Gen_Vessels!$C$3:$C$500,0),1)),"")
A11: =IF(ISBLANK($B11)=FALSE,_xlfn.CONCAT($B11,"_tow"),"") | E11: =IFERROR(IF(ISBLANK(D11),"",INDEX([1]Gen_Vessels!$A$3:$C$500,MATCH(D11,[1]Gen_Vessels!$C$3:$C$500,0),1)),"") | H11: =IFERROR(IF(ISBLANK(G11),"",INDEX([1]Gen_Vessels!$A$3:$C$500,MATCH(G11,[1]Gen_Vessels!$C$3:$C$500,0),1)),"")
A12: =IF(ISBLANK($B12)=FALSE,_xlfn.CONCAT($B12,"_tow"),"") | E12: =IFERROR(IF(ISBLANK(D12),"",INDEX([1]Gen_Vessels!$A$3:$C$500,MATCH(D12,[1]Gen_Vessels!$C$3:$C$500,0),1)),"") | H12: =IFERROR(IF(ISBLANK(G12),"",INDEX([1]Gen_Vessels!$A$3:$C$500,MATCH(G12,[1]Gen_Vessels!$C$3:$C$500,0),1)),"")
A13: =IF(ISBLANK($B13)=FALSE,_xlfn.CONCAT($B13,"_tow"),"") | E13: =IFERROR(IF(ISBLANK(D13),"",INDEX([1]Gen_Vessels!$A$3:$C$500,MATCH(D13,[1]Gen_Vessels!$C$3:$C$500,0),1)),"") | H13: =IFERROR(IF(ISBLANK(G13),"",INDEX([1]Gen_Vessels!$A$3:$C$500,MATCH(G13,[1]Gen_Vessels!$C$3:$C$500,0),1)),"")
A14: =IF(ISBLANK($B14)=FALSE,_xlfn.CONCAT($B14,"_tow"),"") | E14: =IFERROR(IF(ISBLANK(D14),"",INDEX([1]Gen_Vessels!$A$3:$C$500,MATCH(D14,[1]Gen_Vessels!$C$3:$C$500,0),1)),"") | H14: =IFERROR(IF(ISBLANK(G14),"",INDEX([1]Gen_Vessels!$A$3:$C$500,MATCH(G14,[1]Gen_Vessels!$C$3:$C$500,0),1)),"")
A15: =IF(ISBLANK($B15)=FALSE,_xlfn.CONCAT($B15,"_tow"),"") | E15: =IFERROR(IF(ISBLANK(D15),"",INDEX([1]Gen_Vessels!$A$3:$C$500,MATCH(D15,[1]Gen_Vessels!$C$3:$C$500,0),1)),"") | H15: =IFERROR(IF(ISBLANK(G15),"",INDEX([1]Gen_Vessels!$A$3:$C$500,MATCH(G15,[1]Gen_Vessels!$C$3:$C$500,0),1)),"")
A16: =IF(ISBLANK($B16)=FALSE,_xlfn.CONCAT($B16,"_tow"),"") | E16: =IFERROR(IF(ISBLANK(D16),"",INDEX([1]Gen_Vessels!$A$3:$C$500,MATCH(D16,[1]Gen_Vessels!$C$3:$C$500,0),1)),"") | H16: =IFERROR(IF(ISBLANK(G16),"",INDEX([1]Gen_Vessels!$A$3:$C$500,MATCH(G16,[1]Gen_Vessels!$C$3:$C$500,0),1)),"")
A17: =IF(ISBLANK($B17)=FALSE,_xlfn.CONCAT($B17,"_tow"),"") | E17: =IFERROR(IF(ISBLANK(D17),"",INDEX([1]Gen_Vessels!$A$3:$C$500,MATCH(D17,[1]Gen_Vessels!$C$3:$C$500,0),1)),"") | H17: =IFERROR(IF(ISBLANK(G17),"",INDEX([1]Gen_Vessels!$A$3:$C$500,MATCH(G17,[1]Gen_Vessels!$C$3:$C$500,0),1)),"")
A18: =IF(ISBLANK($B18)=FALSE,_xlfn.CONCAT($B18,"_tow"),"") | E18: =IFERROR(IF(ISBLANK(D18),"",INDEX([1]Gen_Vessels!$A$3:$C$500,MATCH(D18,[1]Gen_Vessels!$C$3:$C$500,0),1)),"") | H18: =IFERROR(IF(ISBLANK(G18),"",INDEX([1]Gen_Vessels!$A$3:$C$500,MATCH(G18,[1]Gen_Vessels!$C$3:$C$500,0),1)),"")
A19: =IF(ISBLANK($B19)=FALSE,_xlfn.CONCAT($B19,"_tow"),"") | E19: =IFERROR(IF(ISBLANK(D19),"",INDEX([1]Gen_Vessels!$A$3:$C$500,MATCH(D19,[1]Gen_Vessels!$C$3:$C$500,0),1)),"") | H19: =IFERROR(IF(ISBLANK(G19),"",INDEX([1]Gen_Vessels!$A$3:$C$500,MATCH(G19,[1]Gen_Vessels!$C$3:$C$500,0),1)),"")
A20: =IF(ISBLANK($B20)=FALSE,_xlfn.CONCAT($B20,"_tow"),"") | E20: =IFERROR(IF(ISBLANK(D20),"",INDEX([1]Gen_Vessels!$A$3:$C$500,MATCH(D20,[1]Gen_Vessels!$C$3:$C$500,0),1)),"") | H20: =IFERROR(IF(ISBLANK(G20),"",INDEX([1]Gen_Vessels!$A$3:$C$500,MATCH(G20,[1]Gen_Vessels!$C$3:$C$500,0),1)),"")
... A500: =IF(ISBLANK($B500)=FALSE,_xlfn.CONCAT($B500,"_tow"),"") | E500: =IFERROR(IF(ISBLANK(D500),"",INDEX([1]Gen_Vessels!$A$3:$C$500,MATCH(D500,[1]Gen_Vessels!$C$3:$C$500,0),1)),"") | H500: =IFERROR(IF(ISBLANK(G500),"",INDEX([1]Gen_Vessels!$A$3:$C$500,MATCH(G500,[1]Gen_Vessels!$C$3:$C$500,0),1)),"")
